URL,Status,Details
https://secure-login.example.com,Suspicious,Suspicious: URL contains keyword 'login'
http://192.168.1.1/login,Suspicious,Suspicious: URL contains keyword 'login'
https://example.com/account-update,Suspicious,Suspicious: URL contains keyword 'account'
https://normalwebsite.com/home,Safe,URL seems safe.
http://example.com@malicious.com,Suspicious,Suspicious: URL contains '@' symbol
https://verylongurl.com/this/is/a/very/long/url/path/to/page,Suspicious,Suspicious: URL has too many subdomains or folders
https://secure-login.example.com,Suspicious,Suspicious: URL contains keyword 'login'
http://192.168.1.1/login,Suspicious,Suspicious: URL contains keyword 'login'
https://example.com/account-update,Suspicious,Suspicious: URL contains keyword 'account'
https://normalwebsite.com/home,Safe,URL seems safe.
http://example.com@malicious.com,Suspicious,Suspicious: URL contains '@' symbol
https://verylongurl.com/this/is/a/very/long/url/path/to/page,Suspicious,Suspicious: URL has too many subdomains or folders
https://safe-website.org,Safe,URL seems safe.
http://update-account.example.net,Suspicious,Suspicious: URL contains keyword 'account'
https://safe-site.com,Safe,URL seems safe.
http://192.168.0.1/login,Suspicious,Suspicious: URL contains keyword 'login'
https://example.com/verify-account,Suspicious,Suspicious: URL contains keyword 'account'
https://normalwebsite.com/products,Safe,URL seems safe.
